accountNumber,amount,name
12345678,10000.0," ""depositumDiscount"""
12340001,9977.3951338," ""bilkonto1"" "
12340002,9592.200015359998," ""bilkonto2"""
12340003,9753.828224640005," ""bilkonto3"""
12340004,10000.0," ""bilkonto4"""
12340005,10000.0," ""bilkonto5"""
12340006,10000.0," ""bilkonto6"""
12340007,10000.0," ""bilkonto7"""
12340008,10000.0," ""bilkonto8"""
12340009,10000.0," ""bilkonto9"""
12340010,10000.0," ""bilkonto10"""
12340011,10000.0," ""bilkonto11"""
