car-ID, electric, ED-grade, bankAccountNumber
1,1,8.181818181818182,12340001
2,0,7.575757575757576,12340002
3,0,6.4406779661016955,12340003
4,1,7.5675675675675675,12340004
5,0,8.064516129032258,12340005
6,1,6.857142857142858,12340006
7,0,7.027027027027026,12340007
8,1,9.23076923076923,12340008
9,0,8.4375,12340009
10,1,7.352941176470589,12340010
11,1,7.333333333333334,12340011
